region,date,incid_hosp_features_hospit,incid_rea_features_hospit,incid_dc_features_hospit,incid_rad_features_hospit
Auvergne-Rhône-Alpes,2020-03-23,950,145,63,188
Auvergne-Rhône-Alpes,2020-03-30,2407,586,197,606
Auvergne-Rhône-Alpes,2020-04-06,2160,433,297,1061
Auvergne-Rhône-Alpes,2020-04-13,1523,212,243,1144
Auvergne-Rhône-Alpes,2020-04-20,1220,153,271,973
Auvergne-Rhône-Alpes,2020-04-27,857,85,195,860
Auvergne-Rhône-Alpes,2020-05-04,570,60,141,628
Auvergne-Rhône-Alpes,2020-05-11,404,44,115,593
Auvergne-Rhône-Alpes,2020-05-18,293,32,73,557
Auvergne-Rhône-Alpes,2020-05-25,232,20,63,428
Auvergne-Rhône-Alpes,2020-06-01,139,29,43,373
Auvergne-Rhône-Alpes,2020-06-08,92,12,32,299
Auvergne-Rhône-Alpes,2020-06-15,53,3,17,204
Auvergne-Rhône-Alpes,2020-06-22,77,7,12,170
Auvergne-Rhône-Alpes,2020-06-29,48,5,8,123
Auvergne-Rhône-Alpes,2020-07-06,45,5,8,74
Auvergne-Rhône-Alpes,2020-07-13,39,7,5,54
Auvergne-Rhône-Alpes,2020-07-20,36,5,5,54
Auvergne-Rhône-Alpes,2020-07-27,54,5,6,109
Auvergne-Rhône-Alpes,2020-08-03,51,8,3,95
Auvergne-Rhône-Alpes,2020-08-10,55,6,0,82
Auvergne-Rhône-Alpes,2020-08-17,92,11,10,71
Auvergne-Rhône-Alpes,2020-08-24,72,8,6,108
Auvergne-Rhône-Alpes,2020-08-31,152,25,5,91
Auvergne-Rhône-Alpes,2020-09-07,260,29,8,149
Auvergne-Rhône-Alpes,2020-09-14,388,53,22,180
Auvergne-Rhône-Alpes,2020-09-21,536,96,42,310
Auvergne-Rhône-Alpes,2020-09-28,569,90,57,432
Auvergne-Rhône-Alpes,2020-10-05,598,104,64,437
Auvergne-Rhône-Alpes,2020-10-12,898,127,76,474
Auvergne-Rhône-Alpes,2020-10-19,1603,224,136,587
Auvergne-Rhône-Alpes,2020-10-26,2844,337,233,1023
Auvergne-Rhône-Alpes,2020-11-02,3820,499,448,1680
Auvergne-Rhône-Alpes,2020-11-09,4467,602,614,2278
Auvergne-Rhône-Alpes,2020-11-16,3616,520,668,2511
Auvergne-Rhône-Alpes,2020-11-23,2621,368,620,2645
Auvergne-Rhône-Alpes,2020-11-30,1836,277,536,2063
Auvergne-Rhône-Alpes,2020-12-07,1578,222,438,1602
Auvergne-Rhône-Alpes,2020-12-14,1311,210,364,1436
Auvergne-Rhône-Alpes,2020-12-21,1374,187,304,1294
Auvergne-Rhône-Alpes,2020-12-28,1196,181,268,1052
Auvergne-Rhône-Alpes,2021-01-04,1149,159,288,818
Auvergne-Rhône-Alpes,2021-01-11,1381,208,305,1225
Auvergne-Rhône-Alpes,2021-01-18,1556,257,312,1285
Auvergne-Rhône-Alpes,2021-01-25,1506,244,339,1162
Auvergne-Rhône-Alpes,2021-02-01,1503,262,341,1195
Auvergne-Rhône-Alpes,2021-02-08,1403,193,251,1215
Auvergne-Rhône-Alpes,2021-02-15,1309,242,263,1206
Auvergne-Rhône-Alpes,2021-02-22,1164,228,257,1063
Auvergne-Rhône-Alpes,2021-03-01,1156,251,233,966
Auvergne-Rhône-Alpes,2021-03-08,1044,212,216,1006
Auvergne-Rhône-Alpes,2021-03-15,1046,235,177,846
Auvergne-Rhône-Alpes,2021-03-22,1124,267,237,981
Auvergne-Rhône-Alpes,2021-03-29,1436,285,193,980
Auvergne-Rhône-Alpes,2021-04-05,1567,360,212,1018
Auvergne-Rhône-Alpes,2021-04-12,1956,463,290,1381
Auvergne-Rhône-Alpes,2021-04-19,1679,400,251,1397
Auvergne-Rhône-Alpes,2021-04-26,720,172,120,668
Bourgogne-Franche-Comté,2020-03-23,457,79,57,183
Bourgogne-Franche-Comté,2020-03-30,1054,166,125,420
Bourgogne-Franche-Comté,2020-04-06,1089,182,185,500
Bourgogne-Franche-Comté,2020-04-13,788,98,145,505
Bourgogne-Franche-Comté,2020-04-20,612,66,167,419
Bourgogne-Franche-Comté,2020-04-27,434,57,138,426
Bourgogne-Franche-Comté,2020-05-04,284,36,57,277
Bourgogne-Franche-Comté,2020-05-11,250,28,70,302
Bourgogne-Franche-Comté,2020-05-18,111,16,33,210
Bourgogne-Franche-Comté,2020-05-25,97,12,25,233
Bourgogne-Franche-Comté,2020-06-01,88,4,17,274
Bourgogne-Franche-Comté,2020-06-08,46,4,13,123
Bourgogne-Franche-Comté,2020-06-15,44,3,10,136
Bourgogne-Franche-Comté,2020-06-22,16,2,3,65
Bourgogne-Franche-Comté,2020-06-29,18,2,3,26
Bourgogne-Franche-Comté,2020-07-06,20,1,4,66
Bourgogne-Franche-Comté,2020-07-13,52,5,16,57
Bourgogne-Franche-Comté,2020-07-20,20,3,3,32
Bourgogne-Franche-Comté,2020-07-27,11,0,1,55
Bourgogne-Franche-Comté,2020-08-03,18,1,0,32
Bourgogne-Franche-Comté,2020-08-10,13,0,1,9
Bourgogne-Franche-Comté,2020-08-17,19,1,1,10
Bourgogne-Franche-Comté,2020-08-24,17,3,2,25
Bourgogne-Franche-Comté,2020-08-31,13,1,0,12
Bourgogne-Franche-Comté,2020-09-07,28,4,0,16
Bourgogne-Franche-Comté,2020-09-14,38,3,3,21
Bourgogne-Franche-Comté,2020-09-21,70,5,4,35
Bourgogne-Franche-Comté,2020-09-28,114,19,8,74
Bourgogne-Franche-Comté,2020-10-05,97,23,8,70
Bourgogne-Franche-Comté,2020-10-12,137,19,16,71
Bourgogne-Franche-Comté,2020-10-19,300,44,23,125
Bourgogne-Franche-Comté,2020-10-26,571,71,47,205
Bourgogne-Franche-Comté,2020-11-02,872,127,80,356
Bourgogne-Franche-Comté,2020-11-09,1233,166,174,543
Bourgogne-Franche-Comté,2020-11-16,1103,139,158,659
Bourgogne-Franche-Comté,2020-11-23,885,139,183,640
Bourgogne-Franche-Comté,2020-11-30,661,96,177,638
Bourgogne-Franche-Comté,2020-12-07,693,92,137,557
Bourgogne-Franche-Comté,2020-12-14,822,80,180,579
Bourgogne-Franche-Comté,2020-12-21,745,90,154,585
Bourgogne-Franche-Comté,2020-12-28,636,86,164,444
Bourgogne-Franche-Comté,2021-01-04,643,88,163,405
Bourgogne-Franche-Comté,2021-01-11,721,78,143,588
Bourgogne-Franche-Comté,2021-01-18,785,95,160,584
Bourgogne-Franche-Comté,2021-01-25,769,94,198,607
Bourgogne-Franche-Comté,2021-02-01,648,83,139,495
Bourgogne-Franche-Comté,2021-02-08,642,97,128,577
Bourgogne-Franche-Comté,2021-02-15,499,81,119,530
Bourgogne-Franche-Comté,2021-02-22,500,69,101,486
Bourgogne-Franche-Comté,2021-03-01,382,73,79,410
Bourgogne-Franche-Comté,2021-03-08,403,76,69,390
Bourgogne-Franche-Comté,2021-03-15,346,68,78,358
Bourgogne-Franche-Comté,2021-03-22,423,76,80,410
Bourgogne-Franche-Comté,2021-03-29,488,72,70,355
Bourgogne-Franche-Comté,2021-04-05,563,97,81,393
Bourgogne-Franche-Comté,2021-04-12,689,126,136,475
Bourgogne-Franche-Comté,2021-04-19,593,102,95,512
Bourgogne-Franche-Comté,2021-04-26,270,61,41,226
Bretagne,2020-03-23,148,33,17,39
Bretagne,2020-03-30,315,65,22,109
Bretagne,2020-04-06,311,72,43,138
Bretagne,2020-04-13,285,33,49,204
Bretagne,2020-04-20,170,17,55,163
Bretagne,2020-04-27,117,11,15,133
Bretagne,2020-05-04,80,7,19,101
Bretagne,2020-05-11,46,12,8,75
Bretagne,2020-05-18,46,7,10,109
Bretagne,2020-05-25,40,4,5,50
Bretagne,2020-06-01,24,3,7,46
Bretagne,2020-06-08,21,2,4,46
Bretagne,2020-06-15,11,2,2,32
Bretagne,2020-06-22,7,0,0,23
Bretagne,2020-06-29,6,0,3,23
Bretagne,2020-07-06,3,0,2,16
Bretagne,2020-07-13,8,2,0,12
Bretagne,2020-07-20,16,1,2,10
Bretagne,2020-07-27,14,2,2,20
Bretagne,2020-08-03,11,6,3,15
Bretagne,2020-08-10,16,4,1,14
Bretagne,2020-08-17,16,4,0,11
Bretagne,2020-08-24,13,3,1,10
Bretagne,2020-08-31,14,3,0,15
Bretagne,2020-09-07,15,2,0,15
Bretagne,2020-09-14,76,8,1,24
Bretagne,2020-09-21,100,9,7,42
Bretagne,2020-09-28,73,15,8,36
Bretagne,2020-10-05,61,13,8,57
Bretagne,2020-10-12,90,13,5,53
Bretagne,2020-10-19,125,22,8,96
Bretagne,2020-10-26,225,40,21,101
Bretagne,2020-11-02,377,68,36,144
Bretagne,2020-11-09,411,58,49,240
Bretagne,2020-11-16,359,63,48,226
Bretagne,2020-11-23,206,21,51,245
Bretagne,2020-11-30,140,18,48,180
Bretagne,2020-12-07,156,20,36,134
Bretagne,2020-12-14,201,11,27,100
Bretagne,2020-12-21,168,19,44,112
Bretagne,2020-12-28,117,15,45,110
Bretagne,2021-01-04,144,15,32,120
Bretagne,2021-01-11,182,15,30,122
Bretagne,2021-01-18,247,26,45,180
Bretagne,2021-01-25,275,18,46,180
Bretagne,2021-02-01,288,36,62,165
Bretagne,2021-02-08,314,36,64,205
Bretagne,2021-02-15,236,28,56,205
Bretagne,2021-02-22,257,24,59,181
Bretagne,2021-03-01,219,28,51,222
Bretagne,2021-03-08,200,35,46,199
Bretagne,2021-03-15,224,29,39,176
Bretagne,2021-03-22,270,60,35,214
Bretagne,2021-03-29,331,62,38,213
Bretagne,2021-04-05,318,62,36,231
Bretagne,2021-04-12,342,78,44,305
Bretagne,2021-04-19,328,54,41,247
Bretagne,2021-04-26,145,34,19,140
Centre-Val de Loire,2020-03-23,127,37,7,16
Centre-Val de Loire,2020-03-30,488,102,46,92
Centre-Val de Loire,2020-04-06,651,130,81,238
Centre-Val de Loire,2020-04-13,580,70,84,274
Centre-Val de Loire,2020-04-20,404,48,84,303
Centre-Val de Loire,2020-04-27,298,35,70,199
Centre-Val de Loire,2020-05-04,229,27,45,175
Centre-Val de Loire,2020-05-11,146,10,38,215
Centre-Val de Loire,2020-05-18,75,13,30,166
Centre-Val de Loire,2020-05-25,52,3,22,75
Centre-Val de Loire,2020-06-01,15,2,10,88
Centre-Val de Loire,2020-06-08,17,2,13,53
Centre-Val de Loire,2020-06-15,9,2,6,50
Centre-Val de Loire,2020-06-22,21,4,15,69
Centre-Val de Loire,2020-06-29,6,0,2,23
Centre-Val de Loire,2020-07-06,6,0,3,30
Centre-Val de Loire,2020-07-13,3,1,5,23
Centre-Val de Loire,2020-07-20,3,0,2,61
Centre-Val de Loire,2020-07-27,7,1,2,34
Centre-Val de Loire,2020-08-03,25,3,2,114
Centre-Val de Loire,2020-08-10,16,1,1,54
Centre-Val de Loire,2020-08-17,38,5,9,99
Centre-Val de Loire,2020-08-24,18,8,3,22
Centre-Val de Loire,2020-08-31,15,4,2,26
Centre-Val de Loire,2020-09-07,43,10,2,22
Centre-Val de Loire,2020-09-14,51,10,4,26
Centre-Val de Loire,2020-09-21,85,11,8,52
Centre-Val de Loire,2020-09-28,75,9,6,43
Centre-Val de Loire,2020-10-05,96,18,14,69
Centre-Val de Loire,2020-10-12,118,29,9,70
Centre-Val de Loire,2020-10-19,194,40,10,98
Centre-Val de Loire,2020-10-26,302,54,23,128
Centre-Val de Loire,2020-11-02,554,69,50,194
Centre-Val de Loire,2020-11-09,582,107,78,300
Centre-Val de Loire,2020-11-16,565,97,62,345
Centre-Val de Loire,2020-11-23,410,58,99,367
Centre-Val de Loire,2020-11-30,300,54,84,305
Centre-Val de Loire,2020-12-07,373,35,76,263
Centre-Val de Loire,2020-12-14,368,41,70,275
Centre-Val de Loire,2020-12-21,308,41,69,215
Centre-Val de Loire,2020-12-28,253,38,60,269
Centre-Val de Loire,2021-01-04,275,46,54,186
Centre-Val de Loire,2021-01-11,349,46,68,242
Centre-Val de Loire,2021-01-18,370,46,74,231
Centre-Val de Loire,2021-01-25,438,75,93,255
Centre-Val de Loire,2021-02-01,418,74,98,283
Centre-Val de Loire,2021-02-08,379,60,79,351
Centre-Val de Loire,2021-02-15,366,69,93,296
Centre-Val de Loire,2021-02-22,321,53,73,232
Centre-Val de Loire,2021-03-01,394,93,75,311
Centre-Val de Loire,2021-03-08,316,72,49,301
Centre-Val de Loire,2021-03-15,357,69,61,264
Centre-Val de Loire,2021-03-22,340,91,51,299
Centre-Val de Loire,2021-03-29,403,96,54,293
Centre-Val de Loire,2021-04-05,432,97,56,348
Centre-Val de Loire,2021-04-12,519,121,60,396
Centre-Val de Loire,2021-04-19,518,122,54,424
Centre-Val de Loire,2021-04-26,234,68,40,200
Corse,2020-03-23,123,15,7,46
Corse,2020-03-30,116,16,12,49
Corse,2020-04-06,73,12,11,34
Corse,2020-04-13,20,9,8,20
Corse,2020-04-20,29,6,9,26
Corse,2020-04-27,16,0,3,21
Corse,2020-05-04,14,1,1,22
Corse,2020-05-11,3,0,1,8
Corse,2020-05-18,8,4,5,14
Corse,2020-05-25,1,0,1,6
Corse,2020-06-01,3,1,0,10
Corse,2020-06-08,3,0,0,5
Corse,2020-06-15,0,0,1,9
Corse,2020-06-22,0,0,0,0
Corse,2020-06-29,0,0,0,2
Corse,2020-07-06,1,0,0,3
Corse,2020-07-13,0,0,0,0
Corse,2020-07-20,0,0,0,1
Corse,2020-07-27,1,0,0,3
Corse,2020-08-03,0,0,0,1
Corse,2020-08-10,0,0,0,4
Corse,2020-08-17,0,0,0,0
Corse,2020-08-24,2,2,0,0
Corse,2020-08-31,7,2,0,2
Corse,2020-09-07,11,1,0,5
Corse,2020-09-14,12,2,2,12
Corse,2020-09-21,24,3,1,8
Corse,2020-09-28,6,1,3,8
Corse,2020-10-05,10,5,1,10
Corse,2020-10-12,18,1,0,9
Corse,2020-10-19,21,5,2,9
Corse,2020-10-26,39,9,5,14
Corse,2020-11-02,46,9,6,17
Corse,2020-11-09,51,9,11,34
Corse,2020-11-16,30,7,15,29
Corse,2020-11-23,22,3,5,39
Corse,2020-11-30,7,5,1,18
Corse,2020-12-07,6,3,3,15
Corse,2020-12-14,3,0,0,8
Corse,2020-12-21,3,1,2,9
Corse,2020-12-28,3,1,0,5
Corse,2021-01-04,12,5,0,11
Corse,2021-01-11,11,10,1,6
Corse,2021-01-18,30,9,3,10
Corse,2021-01-25,25,8,4,11
Corse,2021-02-01,29,7,2,12
Corse,2021-02-08,27,5,6,25
Corse,2021-02-15,24,10,7,21
Corse,2021-02-22,69,7,6,13
Corse,2021-03-01,25,6,3,17
Corse,2021-03-08,23,8,5,17
Corse,2021-03-15,31,6,5,15
Corse,2021-03-22,22,6,3,17
Corse,2021-03-29,56,2,7,22
Corse,2021-04-05,29,9,5,68
Corse,2021-04-12,30,10,7,28
Corse,2021-04-19,29,7,3,24
Corse,2021-04-26,18,3,4,18
Grand-Est,2020-03-23,1721,323,219,327
Grand-Est,2020-03-30,3852,698,613,1063
Grand-Est,2020-04-06,3616,628,725,1716
Grand-Est,2020-04-13,2562,270,564,1784
Grand-Est,2020-04-20,1716,193,435,1565
Grand-Est,2020-04-27,1245,139,280,1263
Grand-Est,2020-05-04,910,112,225,1087
Grand-Est,2020-05-11,658,68,169,831
Grand-Est,2020-05-18,567,52,167,871
Grand-Est,2020-05-25,373,52,89,586
Grand-Est,2020-06-01,256,42,60,615
Grand-Est,2020-06-08,243,24,74,481
Grand-Est,2020-06-15,124,24,32,361
Grand-Est,2020-06-22,115,12,28,226
Grand-Est,2020-06-29,66,5,18,158
Grand-Est,2020-07-06,86,9,23,218
Grand-Est,2020-07-13,33,8,6,142
Grand-Est,2020-07-20,45,8,13,90
Grand-Est,2020-07-27,35,5,8,181
Grand-Est,2020-08-03,42,3,14,95
Grand-Est,2020-08-10,57,3,7,110
Grand-Est,2020-08-17,55,3,11,51
Grand-Est,2020-08-24,59,7,8,93
Grand-Est,2020-08-31,83,9,26,136
Grand-Est,2020-09-07,82,9,15,125
Grand-Est,2020-09-14,114,7,27,179
Grand-Est,2020-09-21,129,15,13,84
Grand-Est,2020-09-28,128,25,12,151
Grand-Est,2020-10-05,158,29,17,124
Grand-Est,2020-10-12,205,29,18,153
Grand-Est,2020-10-19,290,51,22,139
Grand-Est,2020-10-26,674,84,58,221
Grand-Est,2020-11-02,1099,159,96,411
Grand-Est,2020-11-09,1406,205,158,687
Grand-Est,2020-11-16,1592,212,214,746
Grand-Est,2020-11-23,1277,176,244,880
Grand-Est,2020-11-30,1005,118,254,935
Grand-Est,2020-12-07,1033,102,243,710
Grand-Est,2020-12-14,1155,142,266,711
Grand-Est,2020-12-21,1350,144,271,777
Grand-Est,2020-12-28,1040,170,284,788
Grand-Est,2021-01-04,1070,170,278,723
Grand-Est,2021-01-11,1207,155,262,891
Grand-Est,2021-01-18,1217,178,257,896
Grand-Est,2021-01-25,1195,176,290,919
Grand-Est,2021-02-01,1074,169,306,885
Grand-Est,2021-02-08,955,156,226,885
Grand-Est,2021-02-15,841,138,245,822
Grand-Est,2021-02-22,816,142,188,786
Grand-Est,2021-03-01,805,164,180,661
Grand-Est,2021-03-08,819,147,171,655
Grand-Est,2021-03-15,842,180,168,643
Grand-Est,2021-03-22,988,220,182,625
Grand-Est,2021-03-29,1022,221,202,738
Grand-Est,2021-04-05,1011,223,168,709
Grand-Est,2021-04-12,1233,268,215,899
Grand-Est,2021-04-19,1100,259,197,913
Grand-Est,2021-04-26,496,105,74,415
Guadeloupe,2020-03-23,6,5,0,0
Guadeloupe,2020-03-30,52,14,4,18
Guadeloupe,2020-04-06,35,13,4,19
Guadeloupe,2020-04-13,19,6,2,16
Guadeloupe,2020-04-20,4,3,2,14
Guadeloupe,2020-04-27,6,3,3,9
Guadeloupe,2020-05-04,1,1,3,2
Guadeloupe,2020-05-11,0,0,2,1
Guadeloupe,2020-05-18,0,0,0,0
Guadeloupe,2020-05-25,0,1,1,1
Guadeloupe,2020-06-01,0,0,0,0
Guadeloupe,2020-06-08,0,0,0,1
Guadeloupe,2020-06-15,1,1,0,3
Guadeloupe,2020-06-22,2,0,0,3
Guadeloupe,2020-06-29,0,2,0,1
Guadeloupe,2020-07-06,1,1,1,0
Guadeloupe,2020-07-13,0,1,0,3
Guadeloupe,2020-07-20,0,0,1,0
Guadeloupe,2020-07-27,0,0,0,1
Guadeloupe,2020-08-03,0,0,0,1
Guadeloupe,2020-08-10,2,2,0,3
Guadeloupe,2020-08-17,3,1,2,0
Guadeloupe,2020-08-24,10,7,0,2
Guadeloupe,2020-08-31,20,9,1,7
Guadeloupe,2020-09-07,44,11,8,27
Guadeloupe,2020-09-14,68,19,5,33
Guadeloupe,2020-09-21,85,23,10,41
Guadeloupe,2020-09-28,162,28,20,104
Guadeloupe,2020-10-05,142,25,17,67
Guadeloupe,2020-10-12,102,19,24,81
Guadeloupe,2020-10-19,68,21,14,83
Guadeloupe,2020-10-26,54,5,15,44
Guadeloupe,2020-11-02,43,7,10,46
Guadeloupe,2020-11-09,34,8,5,41
Guadeloupe,2020-11-16,23,8,5,31
Guadeloupe,2020-11-23,14,4,10,28
Guadeloupe,2020-11-30,5,4,0,9
Guadeloupe,2020-12-07,8,2,2,16
Guadeloupe,2020-12-14,3,0,1,7
Guadeloupe,2020-12-21,9,3,1,21
Guadeloupe,2020-12-28,5,3,0,14
Guadeloupe,2021-01-04,2,2,0,3
Guadeloupe,2021-01-11,3,1,1,3
Guadeloupe,2021-01-18,11,3,1,6
Guadeloupe,2021-01-25,4,2,0,9
Guadeloupe,2021-02-01,15,3,1,10
Guadeloupe,2021-02-08,12,5,1,11
Guadeloupe,2021-02-15,4,2,3,18
Guadeloupe,2021-02-22,9,4,2,4
Guadeloupe,2021-03-01,12,5,3,20
Guadeloupe,2021-03-08,9,3,2,6
Guadeloupe,2021-03-15,18,8,2,5
Guadeloupe,2021-03-22,46,8,6,28
Guadeloupe,2021-03-29,30,4,6,13
Guadeloupe,2021-04-05,79,8,7,43
Guadeloupe,2021-04-12,50,11,3,29
Guadeloupe,2021-04-19,60,15,14,25
Guadeloupe,2021-04-26,53,4,6,27
Guyane,2020-03-23,0,0,0,0
Guyane,2020-03-30,0,0,0,0
Guyane,2020-04-06,15,1,0,8
Guyane,2020-04-13,15,0,0,7
Guyane,2020-04-20,7,2,0,16
Guyane,2020-04-27,5,0,1,6
Guyane,2020-05-04,5,0,0,1
Guyane,2020-05-11,5,0,0,2
Guyane,2020-05-18,13,0,0,7
Guyane,2020-05-25,15,0,0,12
Guyane,2020-06-01,29,2,0,17
Guyane,2020-06-08,52,1,0,40
Guyane,2020-06-15,87,9,2,54
Guyane,2020-06-22,137,8,4,86
Guyane,2020-06-29,147,17,8,107
Guyane,2020-07-06,171,19,5,151
Guyane,2020-07-13,142,13,8,129
Guyane,2020-07-20,167,13,8,155
Guyane,2020-07-27,161,11,4,166
Guyane,2020-08-03,135,10,1,158
Guyane,2020-08-10,111,3,5,120
Guyane,2020-08-17,110,6,3,124
Guyane,2020-08-24,113,4,3,112
Guyane,2020-08-31,78,5,3,82
Guyane,2020-09-07,58,7,3,83
Guyane,2020-09-14,32,3,1,52
Guyane,2020-09-21,27,3,2,42
Guyane,2020-09-28,21,5,0,21
Guyane,2020-10-05,28,2,2,25
Guyane,2020-10-12,20,4,2,19
Guyane,2020-10-19,12,0,0,17
Guyane,2020-10-26,24,2,0,23
Guyane,2020-11-02,23,1,1,18
Guyane,2020-11-09,16,1,0,23
Guyane,2020-11-16,12,0,0,13
Guyane,2020-11-23,8,1,0,9
Guyane,2020-11-30,20,0,0,18
Guyane,2020-12-07,22,0,1,18
Guyane,2020-12-14,19,0,0,19
Guyane,2020-12-21,26,5,0,26
Guyane,2020-12-28,35,4,0,26
Guyane,2021-01-04,30,2,1,31
Guyane,2021-01-11,36,2,2,23
Guyane,2021-01-18,47,6,2,40
Guyane,2021-01-25,56,9,0,41
Guyane,2021-02-01,41,11,1,45
Guyane,2021-02-08,24,3,3,34
Guyane,2021-02-15,15,2,1,20
Guyane,2021-02-22,24,3,3,20
Guyane,2021-03-01,9,1,2,17
Guyane,2021-03-08,14,1,1,12
Guyane,2021-03-15,6,4,0,8
Guyane,2021-03-22,10,4,2,8
Guyane,2021-03-29,13,4,3,8
Guyane,2021-04-05,14,2,1,10
Guyane,2021-04-12,34,7,1,15
Guyane,2021-04-19,31,9,2,27
Guyane,2021-04-26,25,2,0,9
Hauts-de-France,2020-03-23,683,157,67,173
Hauts-de-France,2020-03-30,1354,311,157,374
Hauts-de-France,2020-04-06,2024,339,345,743
Hauts-de-France,2020-04-13,1550,191,303,925
Hauts-de-France,2020-04-20,1218,136,264,857
Hauts-de-France,2020-04-27,926,86,201,884
Hauts-de-France,2020-05-04,507,54,115,526
Hauts-de-France,2020-05-11,401,57,125,521
Hauts-de-France,2020-05-18,366,38,96,491
Hauts-de-France,2020-05-25,206,24,58,318
Hauts-de-France,2020-06-01,182,16,47,266
Hauts-de-France,2020-06-08,118,18,45,199
Hauts-de-France,2020-06-15,67,10,14,168
Hauts-de-France,2020-06-22,53,2,21,93
Hauts-de-France,2020-06-29,55,10,12,132
Hauts-de-France,2020-07-06,31,7,9,94
Hauts-de-France,2020-07-13,51,10,39,276
Hauts-de-France,2020-07-20,63,5,17,122
Hauts-de-France,2020-07-27,64,12,9,141
Hauts-de-France,2020-08-03,79,18,15,78
Hauts-de-France,2020-08-10,71,22,4,79
Hauts-de-France,2020-08-17,97,14,9,63
Hauts-de-France,2020-08-24,53,12,6,84
Hauts-de-France,2020-08-31,51,5,8,75
Hauts-de-France,2020-09-07,95,20,6,87
Hauts-de-France,2020-09-14,137,24,12,115
Hauts-de-France,2020-09-21,249,46,15,118
Hauts-de-France,2020-09-28,334,78,29,214
Hauts-de-France,2020-10-05,378,90,33,237
Hauts-de-France,2020-10-12,561,95,51,290
Hauts-de-France,2020-10-19,865,183,79,420
Hauts-de-France,2020-10-26,1347,215,141,539
Hauts-de-France,2020-11-02,1707,298,176,786
Hauts-de-France,2020-11-09,1964,316,317,1152
Hauts-de-France,2020-11-16,1550,290,267,1123
Hauts-de-France,2020-11-23,1324,226,243,1228
Hauts-de-France,2020-11-30,924,151,219,989
Hauts-de-France,2020-12-07,821,115,199,813
Hauts-de-France,2020-12-14,865,118,224,794
Hauts-de-France,2020-12-21,875,93,199,639
Hauts-de-France,2020-12-28,895,114,217,813
Hauts-de-France,2021-01-04,740,102,174,575
Hauts-de-France,2021-01-11,781,117,179,665
Hauts-de-France,2021-01-18,894,123,168,629
Hauts-de-France,2021-01-25,1127,181,248,765
Hauts-de-France,2021-02-01,1013,156,205,672
Hauts-de-France,2021-02-08,1050,186,241,705
Hauts-de-France,2021-02-15,915,175,192,811
Hauts-de-France,2021-02-22,1253,244,239,896
Hauts-de-France,2021-03-01,1227,269,221,870
Hauts-de-France,2021-03-08,1164,276,231,803
Hauts-de-France,2021-03-15,1360,292,271,981
Hauts-de-France,2021-03-22,1470,347,229,1005
Hauts-de-France,2021-03-29,1555,337,235,1088
Hauts-de-France,2021-04-05,1481,356,240,1105
Hauts-de-France,2021-04-12,1628,383,311,1237
Hauts-de-France,2021-04-19,1384,326,243,1208
Hauts-de-France,2021-04-26,705,187,107,618
La Réunion,2020-03-23,0,0,0,0
La Réunion,2020-03-30,59,3,0,6
La Réunion,2020-04-06,29,5,0,37
La Réunion,2020-04-13,12,1,0,29
La Réunion,2020-04-20,8,1,0,22
La Réunion,2020-04-27,1,0,0,10
La Réunion,2020-05-04,7,1,0,8
La Réunion,2020-05-11,12,6,0,3
La Réunion,2020-05-18,7,3,0,3
La Réunion,2020-05-25,7,2,1,1
La Réunion,2020-06-01,7,2,0,4
La Réunion,2020-06-08,0,0,0,4
La Réunion,2020-06-15,9,3,0,3
La Réunion,2020-06-22,6,1,0,7
La Réunion,2020-06-29,4,2,1,8
La Réunion,2020-07-06,7,1,0,4
La Réunion,2020-07-13,6,1,1,6
La Réunion,2020-07-20,5,3,0,2
La Réunion,2020-07-27,4,2,1,7
La Réunion,2020-08-03,3,1,1,4
La Réunion,2020-08-10,7,3,0,3
La Réunion,2020-08-17,24,6,0,17
La Réunion,2020-08-24,32,6,2,12
La Réunion,2020-08-31,50,13,3,24
La Réunion,2020-09-07,41,7,3,38
La Réunion,2020-09-14,45,11,2,45
La Réunion,2020-09-21,53,12,1,44
La Réunion,2020-09-28,28,8,3,40
La Réunion,2020-10-05,25,10,2,28
La Réunion,2020-10-12,27,3,3,21
La Réunion,2020-10-19,17,4,0,18
La Réunion,2020-10-26,30,11,6,26
La Réunion,2020-11-02,43,8,4,22
La Réunion,2020-11-09,55,12,2,34
La Réunion,2020-11-16,47,15,4,32
La Réunion,2020-11-23,40,13,5,35
La Réunion,2020-11-30,19,6,5,33
La Réunion,2020-12-07,24,4,1,34
La Réunion,2020-12-14,19,2,1,23
La Réunion,2020-12-21,15,5,0,14
La Réunion,2020-12-28,12,3,0,16
La Réunion,2021-01-04,7,1,1,9
La Réunion,2021-01-11,18,4,1,5
La Réunion,2021-01-18,19,9,1,18
La Réunion,2021-01-25,15,4,0,33
La Réunion,2021-02-01,15,1,1,17
La Réunion,2021-02-08,31,5,1,18
La Réunion,2021-02-15,37,16,1,22
La Réunion,2021-02-22,41,15,4,35
La Réunion,2021-03-01,56,19,7,36
La Réunion,2021-03-08,64,20,12,41
La Réunion,2021-03-15,97,30,11,64
La Réunion,2021-03-22,70,23,18,71
La Réunion,2021-03-29,85,25,16,56
La Réunion,2021-04-05,70,22,8,69
La Réunion,2021-04-12,80,20,10,74
La Réunion,2021-04-19,77,27,9,72
La Réunion,2021-04-26,37,8,4,33
Martinique,2020-03-23,4,1,0,0
Martinique,2020-03-30,58,13,2,17
Martinique,2020-04-06,30,9,2,21
Martinique,2020-04-13,4,2,2,15
Martinique,2020-04-20,7,1,3,9
Martinique,2020-04-27,6,0,5,3
Martinique,2020-05-04,2,1,0,14
Martinique,2020-05-11,1,0,0,2
Martinique,2020-05-18,1,0,0,1
Martinique,2020-05-25,0,1,0,1
Martinique,2020-06-01,0,0,0,4
Martinique,2020-06-08,0,0,0,2
Martinique,2020-06-15,1,1,0,2
Martinique,2020-06-22,4,3,0,0
Martinique,2020-06-29,1,1,0,0
Martinique,2020-07-06,0,0,0,1
Martinique,2020-07-13,0,0,1,0
Martinique,2020-07-20,0,0,0,1
Martinique,2020-07-27,0,0,0,2
Martinique,2020-08-03,0,0,0,2
Martinique,2020-08-10,1,0,1,2
Martinique,2020-08-17,1,0,1,1
Martinique,2020-08-24,8,2,0,1
Martinique,2020-08-31,6,1,1,4
Martinique,2020-09-07,7,4,0,5
Martinique,2020-09-14,7,4,0,7
Martinique,2020-09-21,20,7,2,8
Martinique,2020-09-28,16,11,1,5
Martinique,2020-10-05,20,1,0,10
Martinique,2020-10-12,30,9,3,10
Martinique,2020-10-19,28,5,3,14
Martinique,2020-10-26,29,4,3,19
Martinique,2020-11-02,39,10,1,29
Martinique,2020-11-09,44,10,6,31
Martinique,2020-11-16,33,9,2,36
Martinique,2020-11-23,18,6,1,32
Martinique,2020-11-30,10,3,1,28
Martinique,2020-12-07,4,0,0,7
Martinique,2020-12-14,4,1,1,6
Martinique,2020-12-21,2,0,0,5
Martinique,2020-12-28,3,1,0,8
Martinique,2021-01-04,2,0,1,5
Martinique,2021-01-11,4,1,0,7
Martinique,2021-01-18,4,0,1,3
Martinique,2021-01-25,2,1,1,2
Martinique,2021-02-01,10,1,0,5
Martinique,2021-02-08,6,1,0,9
Martinique,2021-02-15,3,0,0,6
Martinique,2021-02-22,7,1,0,2
Martinique,2021-03-01,9,2,1,8
Martinique,2021-03-08,6,2,1,6
Martinique,2021-03-15,13,6,0,4
Martinique,2021-03-22,8,3,2,2
Martinique,2021-03-29,43,9,2,19
Martinique,2021-04-05,79,16,4,20
Martinique,2021-04-12,66,19,7,50
Martinique,2021-04-19,89,20,5,63
Martinique,2021-04-26,24,8,2,31
Mayotte,2020-03-23,0,0,0,0
Mayotte,2020-03-30,0,0,0,0
Mayotte,2020-04-06,30,2,2,13
Mayotte,2020-04-13,19,1,1,14
Mayotte,2020-04-20,26,3,3,23
Mayotte,2020-04-27,37,2,0,23
Mayotte,2020-05-04,41,5,3,34
Mayotte,2020-05-11,50,8,4,40
Mayotte,2020-05-18,46,4,5,38
Mayotte,2020-05-25,28,6,1,34
Mayotte,2020-06-01,33,4,2,33
Mayotte,2020-06-08,37,5,1,36
Mayotte,2020-06-15,24,4,3,27
Mayotte,2020-06-22,31,5,2,33
Mayotte,2020-06-29,22,2,2,29
Mayotte,2020-07-06,12,1,0,21
Mayotte,2020-07-13,6,0,0,15
Mayotte,2020-07-20,9,1,0,13
Mayotte,2020-07-27,15,1,0,10
Mayotte,2020-08-03,8,1,0,11
Mayotte,2020-08-10,3,1,0,6
Mayotte,2020-08-17,7,1,0,4
Mayotte,2020-08-24,0,0,0,4
Mayotte,2020-08-31,8,2,0,5
Mayotte,2020-09-07,2,1,0,6
Mayotte,2020-09-14,1,0,0,1
Mayotte,2020-09-21,5,2,0,3
Mayotte,2020-09-28,3,2,0,1
Mayotte,2020-10-05,6,0,1,4
Mayotte,2020-10-12,7,3,0,5
Mayotte,2020-10-19,3,0,1,4
Mayotte,2020-10-26,11,1,0,7
Mayotte,2020-11-02,9,2,1,6
Mayotte,2020-11-09,9,1,1,12
Mayotte,2020-11-16,9,3,0,8
Mayotte,2020-11-23,7,2,3,5
Mayotte,2020-11-30,8,2,0,10
Mayotte,2020-12-07,6,2,1,8
Mayotte,2020-12-14,10,1,2,7
Mayotte,2020-12-21,9,4,1,11
Mayotte,2020-12-28,8,1,2,3
Mayotte,2021-01-04,9,1,1,11
Mayotte,2021-01-11,9,0,0,10
Mayotte,2021-01-18,11,6,2,3
Mayotte,2021-01-25,23,5,1,10
Mayotte,2021-02-01,77,9,2,30
Mayotte,2021-02-08,164,21,3,66
Mayotte,2021-02-15,188,35,12,34
Mayotte,2021-02-22,171,44,15,158
Mayotte,2021-03-01,152,31,14,133
Mayotte,2021-03-08,67,12,9,62
Mayotte,2021-03-15,52,6,7,72
Mayotte,2021-03-22,40,6,10,46
Mayotte,2021-03-29,16,5,4,34
Mayotte,2021-04-05,10,1,5,13
Mayotte,2021-04-12,12,1,0,13
Mayotte,2021-04-19,3,2,0,16
Mayotte,2021-04-26,2,1,0,0
Normandie,2020-03-23,140,34,7,20
Normandie,2020-03-30,464,134,33,90
Normandie,2020-04-06,571,138,86,231
Normandie,2020-04-13,386,53,87,268
Normandie,2020-04-20,287,41,74,230
Normandie,2020-04-27,183,25,41,178
Normandie,2020-05-04,148,10,36,129
Normandie,2020-05-11,87,5,21,104
Normandie,2020-05-18,67,9,18,98
Normandie,2020-05-25,55,6,16,67
Normandie,2020-06-01,27,3,7,98
Normandie,2020-06-08,19,2,5,46
Normandie,2020-06-15,7,0,0,39
Normandie,2020-06-22,26,1,5,50
Normandie,2020-06-29,13,0,2,29
Normandie,2020-07-06,29,0,2,40
Normandie,2020-07-13,25,1,2,31
Normandie,2020-07-20,6,3,4,19
Normandie,2020-07-27,10,2,1,51
Normandie,2020-08-03,10,0,2,20
Normandie,2020-08-10,9,0,1,19
Normandie,2020-08-17,11,1,3,50
Normandie,2020-08-24,16,2,2,29
Normandie,2020-08-31,13,0,1,16
Normandie,2020-09-07,14,2,1,17
Normandie,2020-09-14,80,16,2,25
Normandie,2020-09-21,120,14,9,46
Normandie,2020-09-28,157,28,12,85
Normandie,2020-10-05,175,36,17,125
Normandie,2020-10-12,239,48,19,122
Normandie,2020-10-19,329,52,28,138
Normandie,2020-10-26,491,57,46,219
Normandie,2020-11-02,770,95,102,279
Normandie,2020-11-09,768,117,113,401
Normandie,2020-11-16,671,73,142,449
Normandie,2020-11-23,477,66,102,432
Normandie,2020-11-30,346,35,118,366
Normandie,2020-12-07,313,40,93,309
Normandie,2020-12-14,359,28,84,359
Normandie,2020-12-21,406,45,80,229
Normandie,2020-12-28,299,40,71,233
Normandie,2021-01-04,341,57,72,273
Normandie,2021-01-11,472,58,67,251
Normandie,2021-01-18,402,42,75,333
Normandie,2021-01-25,588,54,106,436
Normandie,2021-02-01,530,70,97,364
Normandie,2021-02-08,493,63,112,400
Normandie,2021-02-15,369,64,103,343
Normandie,2021-02-22,366,51,74,328
Normandie,2021-03-01,346,61,77,280
Normandie,2021-03-08,367,62,66,316
Normandie,2021-03-15,478,77,69,335
Normandie,2021-03-22,506,87,88,398
Normandie,2021-03-29,629,101,109,401
Normandie,2021-04-05,586,97,92,375
Normandie,2021-04-12,662,122,106,502
Normandie,2021-04-19,554,111,103,505
Normandie,2021-04-26,318,53,47,282
Nouvelle-Aquitaine,2020-03-23,231,50,11,48
Nouvelle-Aquitaine,2020-03-30,863,192,62,234
Nouvelle-Aquitaine,2020-04-06,627,115,74,378
Nouvelle-Aquitaine,2020-04-13,502,76,62,340
Nouvelle-Aquitaine,2020-04-20,350,32,68,265
Nouvelle-Aquitaine,2020-04-27,187,16,43,234
Nouvelle-Aquitaine,2020-05-04,127,16,36,205
Nouvelle-Aquitaine,2020-05-11,107,13,23,156
Nouvelle-Aquitaine,2020-05-18,74,4,18,101
Nouvelle-Aquitaine,2020-05-25,61,13,9,109
Nouvelle-Aquitaine,2020-06-01,33,5,11,77
Nouvelle-Aquitaine,2020-06-08,35,2,8,126
Nouvelle-Aquitaine,2020-06-15,17,3,7,41
Nouvelle-Aquitaine,2020-06-22,8,0,2,32
Nouvelle-Aquitaine,2020-06-29,7,2,6,54
Nouvelle-Aquitaine,2020-07-06,10,0,3,18
Nouvelle-Aquitaine,2020-07-13,10,0,2,12
Nouvelle-Aquitaine,2020-07-20,24,9,1,17
Nouvelle-Aquitaine,2020-07-27,16,0,0,20
Nouvelle-Aquitaine,2020-08-03,12,3,1,13
Nouvelle-Aquitaine,2020-08-10,13,3,3,8
Nouvelle-Aquitaine,2020-08-17,44,6,2,21
Nouvelle-Aquitaine,2020-08-24,39,10,1,33
Nouvelle-Aquitaine,2020-08-31,45,7,3,33
Nouvelle-Aquitaine,2020-09-07,96,21,6,55
Nouvelle-Aquitaine,2020-09-14,155,30,8,62
Nouvelle-Aquitaine,2020-09-21,240,36,15,124
Nouvelle-Aquitaine,2020-09-28,204,32,30,133
Nouvelle-Aquitaine,2020-10-05,240,54,26,131
Nouvelle-Aquitaine,2020-10-12,223,29,22,149
Nouvelle-Aquitaine,2020-10-19,313,44,47,186
Nouvelle-Aquitaine,2020-10-26,551,69,37,238
Nouvelle-Aquitaine,2020-11-02,942,126,92,383
Nouvelle-Aquitaine,2020-11-09,1000,147,117,490
Nouvelle-Aquitaine,2020-11-16,932,127,138,541
Nouvelle-Aquitaine,2020-11-23,712,94,151,650
Nouvelle-Aquitaine,2020-11-30,572,60,146,582
Nouvelle-Aquitaine,2020-12-07,523,64,141,561
Nouvelle-Aquitaine,2020-12-14,576,64,115,433
Nouvelle-Aquitaine,2020-12-21,466,56,93,368
Nouvelle-Aquitaine,2020-12-28,346,56,100,356
Nouvelle-Aquitaine,2021-01-04,355,51,87,283
Nouvelle-Aquitaine,2021-01-11,515,77,110,334
Nouvelle-Aquitaine,2021-01-18,584,81,116,356
Nouvelle-Aquitaine,2021-01-25,804,105,138,451
Nouvelle-Aquitaine,2021-02-01,722,133,163,456
Nouvelle-Aquitaine,2021-02-08,703,127,157,537
Nouvelle-Aquitaine,2021-02-15,535,87,154,475
Nouvelle-Aquitaine,2021-02-22,410,79,118,462
Nouvelle-Aquitaine,2021-03-01,425,80,81,369
Nouvelle-Aquitaine,2021-03-08,436,103,101,416
Nouvelle-Aquitaine,2021-03-15,422,80,85,363
Nouvelle-Aquitaine,2021-03-22,458,106,90,347
Nouvelle-Aquitaine,2021-03-29,531,98,72,445
Nouvelle-Aquitaine,2021-04-05,466,120,53,359
Nouvelle-Aquitaine,2021-04-12,689,146,86,461
Nouvelle-Aquitaine,2021-04-19,604,118,98,514
Nouvelle-Aquitaine,2021-04-26,272,70,53,226
Occitanie,2020-03-23,369,104,29,70
Occitanie,2020-03-30,882,249,51,245
Occitanie,2020-04-06,806,179,92,463
Occitanie,2020-04-13,557,96,78,530
Occitanie,2020-04-20,464,74,65,438
Occitanie,2020-04-27,238,28,63,315
Occitanie,2020-05-04,162,19,59,218
Occitanie,2020-05-11,124,20,31,206
Occitanie,2020-05-18,102,25,18,175
Occitanie,2020-05-25,71,5,16,91
Occitanie,2020-06-01,54,7,10,78
Occitanie,2020-06-08,23,5,6,73
Occitanie,2020-06-15,17,3,6,49
Occitanie,2020-06-22,13,0,0,42
Occitanie,2020-06-29,13,6,4,27
Occitanie,2020-07-06,3,0,0,21
Occitanie,2020-07-13,11,1,1,20
Occitanie,2020-07-20,12,1,0,17
Occitanie,2020-07-27,21,4,1,15
Occitanie,2020-08-03,23,6,2,14
Occitanie,2020-08-10,22,3,0,21
Occitanie,2020-08-17,53,4,3,32
Occitanie,2020-08-24,87,14,3,43
Occitanie,2020-08-31,122,16,8,65
Occitanie,2020-09-07,127,29,6,89
Occitanie,2020-09-14,229,34,11,128
Occitanie,2020-09-21,229,61,21,160
Occitanie,2020-09-28,251,63,22,158
Occitanie,2020-10-05,340,92,28,216
Occitanie,2020-10-12,407,96,26,236
Occitanie,2020-10-19,624,153,80,312
Occitanie,2020-10-26,865,187,102,399
Occitanie,2020-11-02,1250,237,160,609
Occitanie,2020-11-09,1461,253,201,840
Occitanie,2020-11-16,1117,209,189,782
Occitanie,2020-11-23,805,152,178,863
Occitanie,2020-11-30,506,94,148,616
Occitanie,2020-12-07,427,70,120,494
Occitanie,2020-12-14,403,60,93,384
Occitanie,2020-12-21,389,74,88,414
Occitanie,2020-12-28,377,84,95,399
Occitanie,2021-01-04,443,79,83,310
Occitanie,2021-01-11,545,97,96,383
Occitanie,2021-01-18,618,101,98,342
Occitanie,2021-01-25,701,130,114,392
Occitanie,2021-02-01,877,159,164,515
Occitanie,2021-02-08,853,181,167,634
Occitanie,2021-02-15,685,137,192,622
Occitanie,2021-02-22,508,134,123,479
Occitanie,2021-03-01,530,111,91,533
Occitanie,2021-03-08,472,114,114,587
Occitanie,2021-03-15,479,138,66,396
Occitanie,2021-03-22,543,129,83,399
Occitanie,2021-03-29,752,155,75,473
Occitanie,2021-04-05,840,195,119,599
Occitanie,2021-04-12,993,253,170,686
Occitanie,2021-04-19,809,197,125,655
Occitanie,2021-04-26,387,100,59,338
Pays de la Loire,2020-03-23,163,42,8,43
Pays de la Loire,2020-03-30,573,108,51,130
Pays de la Loire,2020-04-06,517,95,76,278
Pays de la Loire,2020-04-13,479,54,59,301
Pays de la Loire,2020-04-20,323,21,78,254
Pays de la Loire,2020-04-27,209,9,55,215
Pays de la Loire,2020-05-04,128,10,34,158
Pays de la Loire,2020-05-11,95,10,28,129
Pays de la Loire,2020-05-18,109,7,29,147
Pays de la Loire,2020-05-25,74,9,17,96
Pays de la Loire,2020-06-01,61,4,10,107
Pays de la Loire,2020-06-08,50,7,16,107
Pays de la Loire,2020-06-15,48,4,7,84
Pays de la Loire,2020-06-22,26,4,4,82
Pays de la Loire,2020-06-29,16,1,2,49
Pays de la Loire,2020-07-06,13,1,2,36
Pays de la Loire,2020-07-13,19,3,1,19
Pays de la Loire,2020-07-20,30,3,1,30
Pays de la Loire,2020-07-27,28,5,4,59
Pays de la Loire,2020-08-03,49,9,2,25
Pays de la Loire,2020-08-10,64,10,3,61
Pays de la Loire,2020-08-17,54,8,5,42
Pays de la Loire,2020-08-24,43,6,4,44
Pays de la Loire,2020-08-31,39,7,3,48
Pays de la Loire,2020-09-07,45,12,7,44
Pays de la Loire,2020-09-14,58,11,2,35
Pays de la Loire,2020-09-21,90,17,6,65
Pays de la Loire,2020-09-28,123,21,5,62
Pays de la Loire,2020-10-05,112,20,7,91
Pays de la Loire,2020-10-12,156,18,16,106
Pays de la Loire,2020-10-19,250,57,17,123
Pays de la Loire,2020-10-26,414,58,29,165
Pays de la Loire,2020-11-02,557,96,54,257
Pays de la Loire,2020-11-09,677,98,96,374
Pays de la Loire,2020-11-16,611,83,92,429
Pays de la Loire,2020-11-23,504,58,87,414
Pays de la Loire,2020-11-30,355,38,89,406
Pays de la Loire,2020-12-07,320,25,69,277
Pays de la Loire,2020-12-14,397,32,85,266
Pays de la Loire,2020-12-21,400,36,70,312
Pays de la Loire,2020-12-28,276,38,89,214
Pays de la Loire,2021-01-04,300,42,81,236
Pays de la Loire,2021-01-11,331,45,70,342
Pays de la Loire,2021-01-18,455,53,92,286
Pays de la Loire,2021-01-25,512,72,90,314
Pays de la Loire,2021-02-01,470,52,101,323
Pays de la Loire,2021-02-08,395,58,91,329
Pays de la Loire,2021-02-15,294,46,86,314
Pays de la Loire,2021-02-22,278,46,53,299
Pays de la Loire,2021-03-01,310,38,61,273
Pays de la Loire,2021-03-08,316,51,57,256
Pays de la Loire,2021-03-15,329,58,48,268
Pays de la Loire,2021-03-22,392,61,53,288
Pays de la Loire,2021-03-29,426,94,55,313
Pays de la Loire,2021-04-05,464,85,67,424
Pays de la Loire,2021-04-12,490,102,62,371
Pays de la Loire,2021-04-19,482,84,57,446
Pays de la Loire,2021-04-26,231,48,25,198
Provence-Alpes-Côte d'Azur,2020-03-23,500,86,13,182
Provence-Alpes-Côte d'Azur,2020-03-30,1235,213,60,420
Provence-Alpes-Côte d'Azur,2020-04-06,1452,268,151,658
Provence-Alpes-Côte d'Azur,2020-04-13,1021,172,120,771
Provence-Alpes-Côte d'Azur,2020-04-20,909,134,157,740
Provence-Alpes-Côte d'Azur,2020-04-27,773,113,157,650
Provence-Alpes-Côte d'Azur,2020-05-04,455,59,79,539
Provence-Alpes-Côte d'Azur,2020-05-11,267,44,66,334
Provence-Alpes-Côte d'Azur,2020-05-18,178,28,52,304
Provence-Alpes-Côte d'Azur,2020-05-25,115,9,35,194
Provence-Alpes-Côte d'Azur,2020-06-01,70,10,14,152
Provence-Alpes-Côte d'Azur,2020-06-08,90,8,19,166
Provence-Alpes-Côte d'Azur,2020-06-15,48,0,9,95
Provence-Alpes-Côte d'Azur,2020-06-22,31,7,11,93
Provence-Alpes-Côte d'Azur,2020-06-29,26,1,12,140
Provence-Alpes-Côte d'Azur,2020-07-06,56,1,4,105
Provence-Alpes-Côte d'Azur,2020-07-13,27,5,2,43
Provence-Alpes-Côte d'Azur,2020-07-20,55,7,4,58
Provence-Alpes-Côte d'Azur,2020-07-27,72,9,4,114
Provence-Alpes-Côte d'Azur,2020-08-03,63,3,4,56
Provence-Alpes-Côte d'Azur,2020-08-10,79,3,3,56
Provence-Alpes-Côte d'Azur,2020-08-17,115,10,5,166
Provence-Alpes-Côte d'Azur,2020-08-24,226,31,13,203
Provence-Alpes-Côte d'Azur,2020-08-31,318,39,9,250
Provence-Alpes-Côte d'Azur,2020-09-07,474,70,21,296
Provence-Alpes-Côte d'Azur,2020-09-14,503,96,40,370
Provence-Alpes-Côte d'Azur,2020-09-21,613,98,30,417
Provence-Alpes-Côte d'Azur,2020-09-28,583,87,51,524
Provence-Alpes-Côte d'Azur,2020-10-05,552,94,37,410
Provence-Alpes-Côte d'Azur,2020-10-12,590,96,56,470
Provence-Alpes-Côte d'Azur,2020-10-19,902,142,71,462
Provence-Alpes-Côte d'Azur,2020-10-26,1560,189,137,708
Provence-Alpes-Côte d'Azur,2020-11-02,2030,253,245,1046
Provence-Alpes-Côte d'Azur,2020-11-09,2166,328,288,1208
Provence-Alpes-Côte d'Azur,2020-11-16,1645,274,330,1205
Provence-Alpes-Côte d'Azur,2020-11-23,1294,165,283,1353
Provence-Alpes-Côte d'Azur,2020-11-30,985,128,210,994
Provence-Alpes-Côte d'Azur,2020-12-07,935,146,187,907
Provence-Alpes-Côte d'Azur,2020-12-14,775,113,166,696
Provence-Alpes-Côte d'Azur,2020-12-21,836,115,179,700
Provence-Alpes-Côte d'Azur,2020-12-28,867,129,152,581
Provence-Alpes-Côte d'Azur,2021-01-04,869,126,170,585
Provence-Alpes-Côte d'Azur,2021-01-11,1055,181,211,823
Provence-Alpes-Côte d'Azur,2021-01-18,1298,189,224,841
Provence-Alpes-Côte d'Azur,2021-01-25,1631,228,254,855
Provence-Alpes-Côte d'Azur,2021-02-01,1522,229,300,1061
Provence-Alpes-Côte d'Azur,2021-02-08,1693,245,323,1164
Provence-Alpes-Côte d'Azur,2021-02-15,1418,225,285,1139
Provence-Alpes-Côte d'Azur,2021-02-22,1398,255,265,1100
Provence-Alpes-Côte d'Azur,2021-03-01,1337,257,258,1193
Provence-Alpes-Côte d'Azur,2021-03-08,1346,273,258,1114
Provence-Alpes-Côte d'Azur,2021-03-15,1178,275,228,1040
Provence-Alpes-Côte d'Azur,2021-03-22,1325,236,204,1035
Provence-Alpes-Côte d'Azur,2021-03-29,1331,277,183,1101
Provence-Alpes-Côte d'Azur,2021-04-05,1376,299,208,1052
Provence-Alpes-Côte d'Azur,2021-04-12,1506,285,186,1195
Provence-Alpes-Côte d'Azur,2021-04-19,1313,279,198,1160
Provence-Alpes-Côte d'Azur,2021-04-26,620,128,89,691
Île-de-France,2020-03-23,2990,624,161,561
Île-de-France,2020-03-30,7314,1460,771,1779
Île-de-France,2020-04-06,9370,1655,1420,3333
Île-de-France,2020-04-13,7234,1158,1375,3938
Île-de-France,2020-04-20,4795,691,1260,3837
Île-de-France,2020-04-27,3166,425,774,3248
Île-de-France,2020-05-04,1924,266,537,2231
Île-de-France,2020-05-11,1443,201,332,2365
Île-de-France,2020-05-18,1007,143,246,1990
Île-de-France,2020-05-25,741,108,192,1356
Île-de-France,2020-06-01,464,56,176,1163
Île-de-France,2020-06-08,366,51,130,948
Île-de-France,2020-06-15,226,42,95,701
Île-de-France,2020-06-22,218,25,57,578
Île-de-France,2020-06-29,178,25,38,533
Île-de-France,2020-07-06,148,22,36,451
Île-de-France,2020-07-13,144,20,45,456
Île-de-France,2020-07-20,182,29,22,276
Île-de-France,2020-07-27,217,33,22,574
Île-de-France,2020-08-03,273,37,36,387
Île-de-France,2020-08-10,281,57,25,243
Île-de-France,2020-08-17,323,53,29,293
Île-de-France,2020-08-24,274,58,43,362
Île-de-France,2020-08-31,324,64,41,417
Île-de-France,2020-09-07,456,87,39,332
Île-de-France,2020-09-14,567,117,43,419
Île-de-France,2020-09-21,1428,180,161,1975
Île-de-France,2020-09-28,1222,258,102,762
Île-de-France,2020-10-05,1317,292,103,875
Île-de-France,2020-10-12,1522,291,134,996
Île-de-France,2020-10-19,2034,394,181,1318
Île-de-France,2020-10-26,3034,511,287,1452
Île-de-France,2020-11-02,3502,614,353,1785
Île-de-France,2020-11-09,3719,653,494,2280
Île-de-France,2020-11-16,2894,516,521,2261
Île-de-France,2020-11-23,2314,401,413,2115
Île-de-France,2020-11-30,1580,257,360,1754
Île-de-France,2020-12-07,1285,231,297,1412
Île-de-France,2020-12-14,1562,278,321,1453
Île-de-France,2020-12-21,1381,233,251,1280
Île-de-France,2020-12-28,1357,228,253,1057
Île-de-France,2021-01-04,1199,238,244,876
Île-de-France,2021-01-11,1413,279,281,1269
Île-de-France,2021-01-18,1588,275,275,1235
Île-de-France,2021-01-25,1720,370,300,1219
Île-de-France,2021-02-01,1978,407,317,1239
Île-de-France,2021-02-08,2207,416,387,1636
Île-de-France,2021-02-15,1908,402,394,1847
Île-de-France,2021-02-22,2008,416,360,1670
Île-de-France,2021-03-01,2238,498,389,1676
Île-de-France,2021-03-08,2597,639,416,1673
Île-de-France,2021-03-15,2747,746,391,1965
Île-de-France,2021-03-22,3251,811,430,2105
Île-de-France,2021-03-29,3860,963,435,2533
Île-de-France,2021-04-05,3703,930,462,2573
Île-de-France,2021-04-12,4013,1052,567,2951
Île-de-France,2021-04-19,3674,922,513,2897
Île-de-France,2021-04-26,1820,503,286,1721
